{
    "description": "A 9x9 Puzzle",
    "function": "test_tools.run_forward_checking",
    "comparator": "test_tools.compare_forward_checking_results",
    "input_args": [
        "'CSP_solver.forward_checking'",
        "SudokuProblem.from_file('sudoku/sudoku_9x9_2.txt')",
        "[('(0, 5)', 6)]"
    ],
    "comparison_args": [
        "SudokuProblem.from_file('sudoku/sudoku_9x9_2.txt')",
        "(True, {'(0, 1)': {8, 4, 7}, '(0, 4)': {4}, '(0, 6)': {8, 4, 5, 7}, '(0, 7)': {8, 2, 5, 7}, '(0, 8)': {8, 4, 5, 7}, '(1, 1)': {4}, '(1, 2)': {4, 5}, '(1, 5)': {3}, '(1, 6)': {3, 4, 5, 6}, '(1, 8)': {9, 4, 5, 6}, '(2, 0)': {4, 7}, '(2, 4)': {9, 3, 4}, '(2, 6)': {8, 3, 4, 7}, '(2, 7)': {8, 3, 7}, '(2, 8)': {8, 9, 4, 7}, '(3, 0)': {4}, '(3, 2)': {2, 3, 4}, '(3, 4)': {2, 7}, '(3, 6)': {8, 3, 5, 7}, '(3, 7)': {8, 3, 5, 7}, '(3, 8)': {8, 5, 7}, '(4, 4)': {6}, '(5, 0)': {1, 9}, '(5, 1)': {9, 2}, '(5, 2)': {1, 2, 3}, '(5, 4)': {2, 6, 7}, '(5, 6)': {3, 6, 7}, '(5, 8)': {6, 7}, '(6, 0)': {1, 5, 7}, '(6, 1)': {2, 7}, '(6, 2)': {1, 2, 5}, '(6, 4)': {2, 3, 5}, '(6, 8)': {5, 7}, '(7, 0)': {9, 4, 5, 6}, '(7, 2)': {8, 4, 5}, '(7, 3)': {6}, '(7, 6)': {8, 4, 5}, '(7, 7)': {8, 5}, '(8, 0)': {4, 5, 6, 7}, '(8, 1)': {8, 2, 4, 7}, '(8, 2)': {8, 2, 4, 5}, '(8, 3)': {2, 6}, '(8, 4)': {2, 5, 6}, '(8, 7)': {8, 5, 7}})"
    ]
}